example_id,clean_customer,spotify,customer_created_at,gold_label
1,Please make #Apk for India .please please please please please plz plz plz plz,"@807272 Hey there! We hear you. Rest assured, your feedback will be passed on to the right folks /NQ",Tue Nov 28 23:05:29 +0000 2017,AVAILABILITY_REGION
2,That link doesn't work in my country. LOL!,@267842 Hmm. Can you try checking out https://t.co/rUSSisWd8O instead? Let us know how it goes /NH,Wed Nov 22 18:26:01 +0000 2017,AVAILABILITY_REGION
3,C’mon this for real? Whatever happened to having your entire music collection online? 😕,"@150781 Hey Jude! How many tracks would you say you have in Songs (roughly)? e.g. 100, 1000, 5000, or more? /CO",Sat Nov 11 18:13:11 +0000 2017,PLAYLIST_LIBRARY
4,don’t do me so dirty,@463557 Hi there! We have more info about this here: https://t.co/WSjJgGAmPy. Let us know if you have any other questions /NY,Fri Nov 03 06:53:10 +0000 2017,OTHER_UNCLEAR
5,Spotify keeps crashing my PC any suggestions lads?,@418953 Hey Stephen! That's not cool. What operating system and Spotify version are you running? We'll see what we can suggest /MV,Thu Oct 26 15:29:37 +0000 2017,APP_CRASH_PERFORMANCE
6,it wont let me DM as your acount isn't following me,@398314 You should be able to DM us by clicking on this link: /NS https://t.co/ldFdZRiNAt,Wed Oct 18 22:51:54 +0000 2017,OTHER_UNCLEAR
7,4 Fire TVs.,@301345 1: Hi again! We're afraid that it isn't possible to change the names of the devices that appear on your Available Devices.,Sat Oct 07 08:02:58 +0000 2017,CONNECTIVITY_SYNC
8,"When I go to Programs and click “Uninstall,” it shows me the same message as when I try to open Spotify. That it’s missing ‘api-ms-win-core-processthreads-|1-1-1.dll’",@255311 Hmm. Could you DM us your account's username or email address? We'll check behind the scenes /RE https://t.co/ldFdZRiNAt,Sun Dec 03 13:48:14 +0000 2017,APP_CRASH_PERFORMANCE
9,"I've cleared ""recent searches"" at least half a dozen times, hoping that more recent searches would appear...but the older searches keep reappearing, and the newest searches don't. Very frustrating, making the whole process feel like it's pointless. Hope you'll fix!",@545428 Hey there! That's not cool. Does logging out &gt; restarting the device &gt; logging back in help? Keep us posted /CG,Wed Nov 15 21:25:11 +0000 2017,BUG_REPORT
10,Thank you! 😍✨,"@236471 You're welcome! If you other questions, you can always reach us here. Have a great day 😁 /SY",Fri Dec 01 21:58:36 +0000 2017,FEEDBACK
11,"""Activity"" seems to be in permanent ""loading"" mode, so nothing's coming up. How to fix this? (Windows Vista Basic. PC/Laptop.) Thanks if you can help.","@762220 Hey Tez! We're afraid your operating system's no longer supported, but we can try a few troubleshooting steps. Can you let us know the version of your Spotify app? /RA",Mon Nov 20 04:28:39 +0000 2017,BUG_REPORT
12,"hi,, i decativated facebook. please can i change my login account","@598685 Hi James, help's here! Can you confirm your account's email address via DM? We'll see what we can do /GT https://t.co/ldFdZRiNAt",Mon Nov 06 12:35:08 +0000 2017,ACCOUNT_LOGIN
13,you did away with recommended new releases under the discover tab on my desktop app again?,@159390 Hey Matt! Have you checked out Release Radar? It's a playlist of your recommended new releases available in Browse. Let us know /J,Fri Nov 10 21:33:09 +0000 2017,FEATURE_REQUEST
14,Hey I restored my iPhone today and all my saved albums are showing like this. No tracks in there. What to do?,"@156318 Hey Matt, that's not cool! Could you DM us your account’s email address and username? We’ll take a look under the hood /TI https://t.co/ldFdZRiNAt",Fri Nov 24 20:28:41 +0000 2017,PLAYLIST_LIBRARY
15,"What are the requirements for the student discount? Do I have to be at least half time in a degree seeking program, &amp; what schools are eligible?","@248478 Hi! The discount is available to students who are actively in term at an accredited college/university. You can check your eligibility for the discount at https://t.co/xbU7d8wpTJ, or have your student info verified at https://t.co/jW58UKCI5L. Any other questions, just shout /LM",Sat Dec 02 18:18:46 +0000 2017,BILLING_SUBSCRIPTION
16,I used the wrong email when I signed up for the student subscription I was charged in my card but it says I'm still on free account,@393342 Got it. Can you DM us your account's username and email address? We'll take a look backstage /JX https://t.co/ldFdZRiNAt,Tue Oct 24 17:22:06 +0000 2017,BILLING_SUBSCRIPTION
17,"how can i contact someone that will actually help with my account rather than, someone who has removed all my playlists UR A JOKE","@407806 Hey there! Help's here, don't worry. Can you DM us your account's email address? We'll take a look /MV https://t.co/ldFdZRiNAt",Wed Oct 25 18:58:04 +0000 2017,ACCOUNT_LOGIN
18,"I believe that this did start happening after a recent update, because before this update Spotify on Xbox one was running perfectly fine.",@670263 Got it! Can you let us know the Spotify version you're running? Does restarting the device help at all? /PL,Sun Oct 29 07:08:18 +0000 2017,BUG_REPORT
19,How to avail this?,@773678 Hey Loui! Can you DM us your account's email address? We'll see what we can suggest /KT https://t.co/ldFdZRiNAt,Tue Nov 21 08:35:25 +0000 2017,OTHER_UNCLEAR
20,why does my keyboard play/pause/next/back never work anymore with your app? Coworkers have the same issues so I know it's not isolated to my hardware.,"@152980 Hi Ryan! That's not cool. Can you let us know the device, OS, and Spotify version you're using? We'll see what we can suggest /JI",Fri Nov 24 15:53:36 +0000 2017,PLAYBACK_ISSUE
21,"Hi , please bring back lyrics on the desktop app and allow us to download and use them offline in all platforms. Thanks and much love! #spotify","@730870 Hey! We're afraid we don't have any news to share right now. In the meantime, you can connect your Spotify account to the Musixmatch mobile app to enjoy lyrics: https://t.co/scvbRH6MhL /SJ",Sun Nov 26 09:16:58 +0000 2017,FEATURE_REQUEST
22,is there any way to see a change log for the Android App?,"@370264 Hey there! We're afraid there's no change log for the Android app, but we'll let the right team know it's something you'd like to see /NS",Mon Oct 23 02:41:08 +0000 2017,OTHER_UNCLEAR
23,Hi!! I have a concern with my premium. When my smart line is being disconected my spotify is do the same thing so now I already paid my smart bill I cant connect my app into premium. I hope that u will read this. Thank u,"@136358 Hey, help's here! Can you DM us your account's username or email address? We'll take a look under the hood /JM https://t.co/ldFdZRiNAt",Wed Nov 29 13:50:27 +0000 2017,BILLING_SUBSCRIPTION
24,why have I gotta be on your Beta programme to get an optimised app for my iPhone X?,"@714181 Hi there! It's not necessary, but it would be a great help for us to optimize the app on iPhone X as soon as possible. We hope that clears things up /JM",Wed Nov 15 19:11:42 +0000 2017,BUG_REPORT
25,I stupidly deleted my starred playlist function. Is there any way I can get it back???,@595038 Hi there! Can you DM us your account's email address? We'll take a look under the hood and see what we can suggest /NY https://t.co/ldFdZRiNAt,Sun Nov 05 11:06:02 +0000 2017,PLAYLIST_LIBRARY
26,Thank you ! It's really annoying ! Have a great day !,"@257042 You're welcome! If you ever need anything else, just shout and we'll come running 🏃 /KL",Tue Oct 24 18:11:52 +0000 2017,FEEDBACK
27,"I got charged twice, 65php and 195php for my student and family subscription. I did not cont. student subscrpt. semarfepaquet",@619061 Hey there! We'd like to share some private info with you. Can you DM us your account's email address? We'll keep an eye out for it /GN https://t.co/ldFdZRiNAt,Tue Oct 10 14:35:58 +0000 2017,BILLING_SUBSCRIPTION
28,check dms,@760800 Hi there. We've just sent a DM your way. Let's carry on chatting there /JU,Mon Nov 20 01:12:00 +0000 2017,OTHER_UNCLEAR
29,Man I love Spotify.. They know how to put you on to new music similar to what u already listen to 👏🏾👏🏾👏🏾,"@467676 Thanks, Lorraine! We don't (long)jump when it comes to conclusions about your music taste 😉 /T",Thu Nov 02 21:34:59 +0000 2017,FEEDBACK
30,Why the heck can I drag a 'next up' song but not a current #song to a #playlist ? really weird #ux,"@126752 Hey Michael, that doesn't look right! What device, operating system, and Spotify version are you using? We'll see what we can suggest /JE",Thu Sep 21 17:40:41 +0000 2017,PLAYLIST_LIBRARY
31,where it at?,@324106 Hey Jonathan! Can you tell us what you're looking for? /RH,Fri Oct 20 05:07:18 +0000 2017,OTHER_UNCLEAR
32,. how is there still no Spotify app for Apple Watch over 2 years later? Embarrassing for a company with millions of users.,@599281 Hey Connor! Check out the official idea and add your vote to let our devs know it's something you'd like to see: https://t.co/SEK4E4gi22 /TB,Mon Nov 06 17:05:33 +0000 2017,FEATURE_REQUEST
33,Hi. I'm having issues joining a family plan. Can you please assist to check? Email: __email__,"@541414 Hey! For your security, we'd recommend deleting your post as it contains your email address. You can DM it to us instead /NY https://t.co/ldFdZRiNAt",Fri Oct 13 09:18:05 +0000 2017,BILLING_SUBSCRIPTION
34,I have Premium for Family and I am being charged twice (on 2 of my CCs). I don't know if I have a duplicate account. Help!,"@466822 Hey Ana, help's here! Can you DM us your account's email address? We'll take a look backstage /SJ https://t.co/ldFdZRiNAt",Mon Oct 16 19:36:55 +0000 2017,BILLING_SUBSCRIPTION
35,"iPhone 7, IOS 11.0.2 and version of Spotify is:",@320113 Thanks. Does logging out &gt; restarting your device by holding the Sleep/Wake + Volume Down buttons for 10 seconds &gt; logging in help? /AY,Mon Oct 09 08:36:21 +0000 2017,BUG_REPORT
36,"I cannot log into my Spotify account because I’m being told my Facebook credentials are invalid, but I have updated them. #helpme",@389557 Hi there! Can you DM us your account's email address? We'll take a look under the hood /AU https://t.co/ldFdZRiNAt,Sat Oct 14 17:02:05 +0000 2017,ACCOUNT_LOGIN
37,please upload this album to your service,"@539151 Hey there! Fingers crossed we'll be able to have these soon, but there's info about Spotify content here: https://t.co/0i8GpimuDa /JN",Thu Oct 12 08:37:47 +0000 2017,FEATURE_REQUEST
38,Also you keep randomly skipping songs so thanks for that...,@255071 Hey there! That's not right. Can you DM us your account's username or email address? We'll take a look backstage /TC https://t.co/ldFdZRiNAt,Sun Dec 03 06:26:19 +0000 2017,PLAYBACK_ISSUE
39,"dear admin, how can I display the lyrics on spotify via android phone ? Thanks","@232355 Hi there. The Spotify app does not have a built-in lyrics feature yet, but you can install Musixmatch if you'd like to have lyrics with the tracks you play in Spotify. There's more info here: https://t.co/XQrxFTRpil. Let us know if you have any other questions /LM",Sat Dec 02 06:31:58 +0000 2017,FEATURE_REQUEST
40,Today I watched one of those ads for 30m of free music and got an ad 10 minutes later...,"@566280 Hey, that doesn't sound good! Did the app crash at any point during the 30 minutes? That can cause the ad-free time to reset /AN",Mon Oct 23 20:17:05 +0000 2017,BUG_REPORT
41,please fix the .dll redirection issue in ur latest Windows release the community thread's exploding and I am dying,@251618 Hey there! Could you tell us what's happening exactly? Keep us posted /DF,Sat Dec 02 14:00:18 +0000 2017,BUG_REPORT
42,these problems have been adundant on forums. They've come up with no fixes. Switching to Apple music if this keeps up #spotify,@553499 1: Hey Matt! We're sorry that you feel that way. We'll pass on your feedback regarding the 10k limit and changing usernames to the... /SJ,Wed Oct 18 18:30:03 +0000 2017,FEEDBACK
43,"bro I don’t pay y’all to force feed me censored songs, tf is going on. I could listen to the radio for free",@544173 Hey there! Sorry to hear you feel this way. We’d recommend showing your support for the official idea here: https://t.co/CdI1SY9KZE /CH,Sat Oct 14 22:19:55 +0000 2017,FEEDBACK
44,Would like to avail. How?,@775429 Hi! We've just replied to your DM. Let's carry on there /JE,Tue Nov 21 12:44:48 +0000 2017,OTHER_UNCLEAR
45,Hey I already paid for a family account and went to enter my address and I can't enter it. Please help ASAP.,@447939 Hey! Can you DM us your account's username and email address? We'll take a look backstage /JL https://t.co/ldFdZRiNAt,Thu Nov 02 00:47:22 +0000 2017,BILLING_SUBSCRIPTION
46,I am having a similar issue. When I paste my bio it isn't showing up. It is also not letting me paste my wiki link.,@177341 2: You might also want to try using an incognito window. Let us know how it goes /MQ,Thu Oct 05 18:56:41 +0000 2017,BUG_REPORT
47,"All of ""Songs"" disappeared. My playlists, albums, and artists were showing as there and downloaded. I updated to version 8.4.26.770 on my S8 last night. I restarted my phone 2x and it seems to be normal now.","@630867 Great! Just to check, is everything working okay on your end now? Keep us posted /CH",Wed Nov 08 20:22:29 +0000 2017,PLAYLIST_LIBRARY
48,Hi have you any contact with the support team of ?,"@156658 @123765 We'd suggest deleting your recent public tweet for your privacy, and sending us a DM instead. You can also contact our Email team at https://t.co/zu6tKiIYUg /MU https://t.co/ldFdZRiNAt",Wed Nov 15 07:26:48 +0000 2017,OTHER_UNCLEAR
49,"Dear , please don't ever recommend Christmas songs to me. Especially in November. Thanks. #bahhumbug","@282249 Hey! Thanks for your feedback on this. No worries, we'll make sure that it's passed on to the right team /RC",Thu Nov 23 08:05:49 +0000 2017,FEEDBACK
50,If will contact me with a dm.,@565374 Hey Rob! Is your Spotify misbehaving? Send us a DM with your account's email address or username? We'll help out /CO https://t.co/ldFdZRiNAt,Tue Oct 24 14:48:42 +0000 2017,OTHER_UNCLEAR
51,Hi I am based in hong kong and wonder why the new album of is still not available ?,"@225901 Hey there! Fingers crossed we'll be able to have it soon, but there's info about Spotify content here: https://t.co/1dgftcFtzc /NS",Fri Dec 01 02:35:52 +0000 2017,AVAILABILITY_REGION
52,Shoutout to for the awesome insights you guys provide! This is an essential part of my tool kit as an emerging independent artist! #legends #spotify #independent,"@721777 Hey Sarah, you're welcome! If you ever need anything, give us a shout 🙂 /K",Thu Nov 16 02:57:10 +0000 2017,FEEDBACK
53,"Hi, can you please give me a free/cheap alternative to stream spotify to my LG-Smart tv since you guys removed the app?","@487443 Hey there! We'd suggest checking this out: https://t.co/D2p6hgpCoW. Rest assured, we'll pass your feedback on. Hope this helps /LP",Sat Nov 04 15:17:35 +0000 2017,CONNECTIVITY_SYNC
54,I got charged for student premium check my account and subscription is still free,"@701092 Hey, help's here. Can you send us a DM with your account's email address or username? We'll take a look behind the scenes /AY https://t.co/ldFdZRiNAt",Tue Nov 28 06:13:11 +0000 2017,BILLING_SUBSCRIPTION
55,Thank you for the quick response. So I could be logged into my phone and another device at the same time?,"@151322 Thats's right, but you can only stream on one device at a time. If you have any other questions, we're just a tweet away /JP",Tue Nov 28 15:53:57 +0000 2017,OTHER_UNCLEAR
56,I listen to the ad for 30 minutes of ad free music and then 3 songs later I get another ad🤔,@554621 That doesn't sound good! Did the app crash at any point during the 30 minutes? That can cause the ad-free time to reset /FR,Thu Oct 19 03:25:27 +0000 2017,BUG_REPORT
57,where have all my saved songs gone 😲,"@744330 Hi Libbie! Can you let us know if your saved songs are also missing on a different device? If you can send us the Windows and Spotify versions you're using, that'd be great too /HR",Fri Nov 17 17:57:29 +0000 2017,PLAYLIST_LIBRARY
58,I have a student account and $10+ was just taken out of my account,@363046 Hi! Sorry for the late reply. We've just sent you a bit more info over DM. We'll carry on helping out there /RA,Sun Oct 22 18:46:54 +0000 2017,BILLING_SUBSCRIPTION
59,"past few days Kesha hasn't been playing on my phone, even songs I have downloaded. I tried reinstalling, no progress.",@213417 Hey Joshua! Can you DM us your account's email address or username? We'll check backstage /AR https://t.co/ldFdZRiNAt,Tue Oct 10 00:41:29 +0000 2017,PLAYBACK_ISSUE
60,I can't seem to share songs anymore. Help,"@181185 Hey, we're here to help! Can you let us know what's happening exactly? Are you getting any error messages? We'll see what we can suggest /KM",Thu Oct 05 10:31:11 +0000 2017,BUG_REPORT
61,"on PS3, your ads seem to also skip songs","@403742 2: Once closed, reopen the app. Let us know if that makes any difference /RC",Wed Oct 25 09:19:55 +0000 2017,PLAYBACK_ISSUE
62,💚you care. Thank you!,"@163067 We sure do! In fact, we'd say... https://t.co/LlUmsFxWMS 💚 /TB",Sat Nov 11 17:48:49 +0000 2017,FEEDBACK
63,Umm why is new album not on yet?????,"@226663 Hey, we’ll have it available to you as soon as it’s available to us! https://t.co/1dgftcFtzc /RB",Fri Dec 01 06:04:37 +0000 2017,AVAILABILITY_REGION
64,tried to log into my boyfriend's Spotify premium on a new phone and everything is gone and says he doesn't have premium,@408052 Hi Sazz! Help's on its way. Can you DM us his account's email address? We'll take a look backstage /DD https://t.co/ldFdZRiNAt,Sun Oct 15 21:08:20 +0000 2017,ACCOUNT_LOGIN
65,how do I switch from my current monthly premium to your promotional yearly premium with 2 months free?,"@254561 Hey there! You can sign up for the Spotify Yearly at https://t.co/N9oyLv27Of. Don't worry, it'll kick in at the end of your current billing cycle. Hope this clears things up. Let us know if you have other questions /AP",Sun Dec 03 04:06:26 +0000 2017,BILLING_SUBSCRIPTION
66,hey ur cute and all but why is Lindsay Lohan’s certified diamond album Confessions of a Broken Heart not available for streaming,"@566328 Hey Amanda! Fingers crossed we'll be able to have it soon, but there's info about Spotify content here: https://t.co/0i8GpimuDa /TR",Mon Oct 23 21:04:09 +0000 2017,AVAILABILITY_REGION
67,. how come you no longer accept NUS as a form of discount doesn't list my college so can't use that :(,"@467281 Hi! Phil! NUS is currently unavailable as a discount option. Not to worry, we'll pass your feedback on to the team about this /NY",Fri Nov 03 09:50:06 +0000 2017,BILLING_SUBSCRIPTION
68,i cant sign in your request page isnt working. When i sign in i get kicked out and its saying that my 2 emails i use are not for an account,@624438 Hey there! Could you DM us the email address you're trying to use to sign up? We'll take a look backstage /MA https://t.co/ldFdZRiNAt,Wed Nov 08 12:05:28 +0000 2017,ACCOUNT_LOGIN
69,...,@806222 Hey there! What's up? Is your app misbehaving? Let us know what's happening exactly so we can help /JP,Tue Nov 28 21:03:29 +0000 2017,OTHER_UNCLEAR
70,"Thanks! I looked through that, but can't seem to find Seattle's office address. However, there's an internship position located in Seattle.","@555918 Got it. For more information about internships, we'd suggest checking out the Spotify for Students section at https://t.co/c1Z94oBFOl /QI",Thu Oct 19 15:35:48 +0000 2017,OTHER_UNCLEAR
71,No it’s still not working for Metallica,@326577 Thanks for letting us know. We're looking into this at the moment. Hopefully we'll have a fix soon! /CG,Thu Oct 19 16:30:02 +0000 2017,AVAILABILITY_REGION
72,"A magic Spotify-fairie made it suddenly work again! Thanks for your efforts though. Let’s listen together, cheers :)","@558798 Awesome, that's what we like to hear! If you need us again, just... https://t.co/AUc7DGJpgF 😁 /NY",Fri Oct 20 09:04:52 +0000 2017,FEEDBACK
73,"Hey : it would be cool if we could send tracks we’re listening to, to our friends. #userexperience","@551456 Hey Phil, good news! Sending tracks to your friends through Spotify is easy. Just tap the three dots &gt; Share, and go from there /TR",Tue Oct 17 20:23:52 +0000 2017,FEATURE_REQUEST
74,"Dear , please fuck off with the Christmas song adverts. Thanks. Bye.","@380959 Hey, thanks for your feedback - we'll pass it on. For now, check out https://t.co/zgnxs5kPEu if you haven't had a subscription before /NS",Mon Oct 23 23:01:25 +0000 2017,FEEDBACK
75,Fix your desktop app. It's embarrassingly slow,"@451350 Hey! Help's here. What device, operating system, and Spotify version are you rocking? We'll see what we can suggest /RA",Thu Nov 02 04:45:11 +0000 2017,APP_CRASH_PERFORMANCE
76,I don’t have a link but I have a screenshot! It’s on this ad! Please help me! I need this song in my life!,"@810990 Thanks for the screenshot. Unfortunately, we're unable to locate the track info used for this ad. Track titles on ads would be a great idea. We can’t make any promises but we’ll be sure to pass your feedback onto the right folks /JI",Wed Nov 29 22:04:03 +0000 2017,OTHER_UNCLEAR
77,"hi, subscribed to spotify family,sent an invitation to my sis but it says 'error 3 oops,something went wrong' pls help. thanks",@215542 Hey! We've just sent you a DM. Let's carry on chatting there /JO,Tue Oct 10 09:06:30 +0000 2017,BILLING_SUBSCRIPTION
78,"The pattern I've recognised is that there are approx 9 mixes that only rotate out of Daily Mix 6, leaving 5 mixes stale. Can it be reset?","@779528 We're afraid it's not possible to have it reset right now, but the amount of mixes you’re served up depends on the amount and diversity of your listening history. We hope this clears things up /CH",Tue Nov 21 22:25:12 +0000 2017,BUG_REPORT
79,"Why is the Windows 10 Mobile app so terrible? I know next to no one uses Windows Phone, BUT I DO. PS: You guys know that NOT everything has to be done on the UI/Dispatcher thread right?",@806190 We hear you! We're passing on all feedback around this – thanks for sharing your thoughts /LO,Tue Nov 28 21:12:00 +0000 2017,BUG_REPORT
80,Can't connect Spotify and Hulu. I get an error saying they're having trouble authorizing my account with Spotify,"@334920 Hey, help's here! Could you contact Hulu's customer support here: https://t.co/qBTRuN9PJO so they can check on their end? Keep us posted /JQ",Sat Oct 21 00:44:00 +0000 2017,CONNECTIVITY_SYNC
81,sorry but you know what happened to ftisland’s song ‘puppy’?? I can’t find it anymore,@702144 Hey! Sometimes content gets temporarily removed because of licensing changes. Hopefully we'll have it available again soon /DF,Sun Oct 29 14:48:40 +0000 2017,AVAILABILITY_REGION
82,hi I am thinking of switching to you from Deezer as they have a 1000 song limit on favourites. Do you have any song limits?,@418949 Hey! There's currently a 10k limit in Your Music (Songs + Albums + Artists). More info here: https://t.co/59ABtm5Ftl Keep rocking /MX,Thu Oct 26 12:27:19 +0000 2017,PLAYLIST_LIBRARY
83,"A lot of good music came out today, but most of it was not featured in the new releases section... what’s with that",@327492 Hi Vinnie! Can you let us know the title of these tracks? We'll check under the hood /AU,Fri Oct 20 17:45:06 +0000 2017,FEEDBACK
84,my playlists and saved music on my phone and computer haven't synced up for weeks now and it's irritating. What do I do?,"@634697 Hey Nick, sorry to hear that! Check out the steps under “Downloads unexpectedly removed” at https://t.co/38J7tFlIBF. They should help /RH",Thu Nov 09 05:43:24 +0000 2017,CONNECTIVITY_SYNC
85,"Account, so you may need to update your payment details"" Then there's a button link to update my payment details?",@565914 Hey there! That doesn't sound good. Can you DM us a screenshot of the email showing the email address of the sender? /PB https://t.co/ldFdZRiNAt,Mon Oct 23 18:09:36 +0000 2017,BILLING_SUBSCRIPTION
86,I want to cancel my subscription but I signed up through Facebook and have since deleted it so I can't log in and cancel,"@456067 Hey Zach, help's here! Could you send us the email address associated with your account? We'll take a look backstage /VK",Thu Nov 02 16:27:57 +0000 2017,ACCOUNT_LOGIN
87,"Spotify is down, apparently. Search function won’t work. Sucks.",@564429 Hey Jamie! Everything should be running smoothly now. Let us know if this is still happening /GS,Tue Nov 28 20:50:03 +0000 2017,BUG_REPORT
88,"Um excuse me what the actual fuck if I have spotify premium, why is there a library limit",@725685 Hey there! There's currently a 10k limit in Your Music (Songs + Albums + Artists). More info here: https://t.co/59ABtm5Ftl /DB,Thu Nov 16 15:15:00 +0000 2017,PLAYLIST_LIBRARY
89,"On a separate note, hey how you gonna push an iOS update that isn't iPhone X support? I don't mean to complain about something so first world problem-y, but y'all are too big a company/service to go this long","@393490 Hey James, we hear you! We’re working on it as we speak. Stay tuned for more info /TB",Fri Nov 10 16:46:45 +0000 2017,BUG_REPORT
90,is support for the new iPhone X screen coming soon?,"@529317 Hi there! We don't have any info on this right now, but rest assured your feedback has been noted. We'll pass it on to the right team /KL",Tue Nov 07 18:40:10 +0000 2017,FEATURE_REQUEST
91,The United States,@194239 Thanks! We’ll have it available to you as soon as it’s available to us. https://t.co/0i8GpimuDa /GT,Sat Oct 07 17:09:47 +0000 2017,OTHER_UNCLEAR
92,Hi do you have a contact number or email address? Ive been searching your website for ages and cant find it anywhere!!! 🙂,@404327 2: We can also help you here on Twitter. Can you let us know what's happening exactly? We'll keep an eye out for your message /RC,Wed Oct 25 10:12:26 +0000 2017,OTHER_UNCLEAR
93,spotifiy company members plz relase this app in india we are waiting for this great app when will u realese this app plz tweet,@159663 Hey! We're launching regularly in countries around the world. Sign up here to be first to hear: https://t.co/XDwWzj7cLP /AY,Wed Oct 04 05:58:08 +0000 2017,AVAILABILITY_REGION
94,Do you know if they've been sent out already?,"@518439 We're afraid we don't have any specific info to share right now. For anything else, give us a shout /JE",Tue Oct 17 18:13:12 +0000 2017,OTHER_UNCLEAR
95,this should be The Virus not Virus.,@581277 Hi there! Thanks for the heads-up. We recommend letting the folks over at Songkick support know about this at https://t.co/Z3xipT1xgn /DN,Mon Oct 30 18:18:34 +0000 2017,OTHER_UNCLEAR
96,It seems to work now but its when it doesn’t that is the issue,@452133 Nice. Glad to hear it's all good. We’ll be on the lookout in case the issue comes up again. Hopefully not though /GK,Thu Nov 02 07:23:53 +0000 2017,BUG_REPORT
97,"I reset my password as soon as I noticed so I'm good, but I don't have my saved music, is there a way to restore the albums I have saved?","@208773 Got it! If it looks like your offline music isn't downloaded, we'll need to get them saved again. Keep us in the loop /JX",Mon Oct 09 16:00:42 +0000 2017,PLAYLIST_LIBRARY
98,งงใจเว่อ ไฝว้กับ ตั้งแต่เมื่อคืนละนะยังแก้ปัญหาไม่ได้สักที I need some helpssssssss! 😩,"@351270 2: On another note, we've just sent you a bit more info over DM. We'll carry on helping out there /MU",Sat Oct 14 04:23:32 +0000 2017,OTHER_UNCLEAR
99,"Hey, I need help signing up for Spotify for Students. Can you help me out?",@735835 Hey there! Can you DM us your account's email address? We'll take a look /RB https://t.co/ldFdZRiNAt,Fri Nov 17 05:51:49 +0000 2017,BILLING_SUBSCRIPTION
100,Also - suggested songs do not match what is on this playlist,"@517161 We hear you. Don't worry, we'll make sure your feedback reaches the right team. Let us know if you need help with anything else /HR",Wed Nov 08 04:11:56 +0000 2017,PLAYLIST_LIBRARY
101,Yes daily mixes on the test account worked flawless,@163532 Is it alright if we continue via DM? Just click the link below. We'll keep an eye out for your reply /MU https://t.co/ldFdZR1cbT,Tue Oct 24 08:41:13 +0000 2017,OTHER_UNCLEAR
102,"I wish had a kind of ""expiring playlist"" feature that allowed you to build a playlist for a specific moment and after a certain period of time it would expire and disappear. Somewhere in between normal playlist and queue.",@818250 This sounds like a great idea! Add your vote here to help make it happen: https://t.co/mbRlWBAJbC. We're here for you if there's anything else 🙂 /YM,Wed Nov 29 22:02:20 +0000 2017,FEATURE_REQUEST
103,How do I get a job making playlist 🤔🤔,"@666369 Hey Jarrett, we're happy to hear you're interested in joining the band! Check here for current job openings: https://t.co/c1Z94oBFOl 🙂 /TB",Sat Nov 11 22:37:33 +0000 2017,OTHER_UNCLEAR
104,How do i customize the icon of a playlist?,"@418794 Hey there! We've got helpful info on this at https://t.co/use0juiOLR, so check it out. If you have any questions, just give us a shout /RH",Sun Oct 29 17:25:12 +0000 2017,PLAYLIST_LIBRARY
105,okay kewl,"@808023 Sweet! If you need anything else, just shout and we'll come running 🏃 /FR",Wed Nov 29 04:03:28 +0000 2017,FEEDBACK
106,Are you guys currently having issues? I can’t add family members to my family plan,@630424 Hey Chloe! Could you send us a DM with your account's email address? We'll take a look backstage /FR https://t.co/ldFdZRiNAt,Wed Nov 08 23:25:05 +0000 2017,BILLING_SUBSCRIPTION
107,"Got a new phone and Spotify won’t let me log in using my email or with Facebook! Please help,",@306505 Hi Jacqueline! Can you DM us your account's email address? We'll check backstage and see what we can suggest /NY https://t.co/ldFdZRiNAt,Sat Nov 25 04:41:36 +0000 2017,ACCOUNT_LOGIN
108,"im using my dell laptop, windows 10 and it says on about spotify that my version is ""1.0.64.403.gb738707f (Windows Store version)""",@448533 Thanks. Can you try the steps here for us: https://t.co/EqisDMwZAT? Let us know if that helps /QI,Sat Oct 28 19:16:27 +0000 2017,BUG_REPORT
109,"When I navigate to Spotify, the screen doesn’t load. I tried allowing pop ups and flash on the site settings.",@301402 Got it. Does using a different browser help? You might also want to try using an incognito window. Let us know how it goes /MQ,Wed Oct 11 20:41:10 +0000 2017,BUG_REPORT
110,Fantastic chat with one of your agents Jombert great to see CS that cares! Why I love Spotify!,@420756 Hey LilyAnn! Thanks for the feedback – we appreciate it! We’ll get this passed onto the right team 💚 /JX,Thu Oct 26 18:23:00 +0000 2017,FEEDBACK
111,Why won’t LA Lights by play on my ???,"@730875 Hey! Don’t worry, we can help. What’s happening exactly? Can you let us know the device/operating system you’re using? /SJ",Sun Nov 26 08:55:41 +0000 2017,PLAYBACK_ISSUE
112,I’ve been trying to update my Payment info for like a week and I still can’t what’s up Spotify,@300287 Hey there! We've come to the rescue. Could you DM us your account's email address or username? We'll check behind the scenes /RE https://t.co/ldFdZRiNAt,Wed Nov 15 13:43:54 +0000 2017,BILLING_SUBSCRIPTION
113,"If had a plan where I could get exclusive downloads of albums before the release date, I would totally pay a little extra.",@444599 This sounds like a great idea! Suggest it in our Community at https://t.co/rtDvYZOF32 and get support from other users /SU,Mon Oct 16 15:00:57 +0000 2017,FEATURE_REQUEST
114,It's not the track art- when I click on Redbone's 'come and get your love' -Gloria Gaynor's 'I will survive' plays instead,@754648 You're welcome! Thanks for bringing this to our attention. We'll have this reported to the right folks 🙂 /SJ https://t.co/ldFdZRiNAt,Sun Nov 19 14:11:44 +0000 2017,BUG_REPORT
115,"I'm looking to obtain services from reliable, legitimate businesses. Also, good job choosing twitter, an irrelevant platform.","@529911 1: Hi Angie, sorry to hear you feel that way. Rest assured that everyone in out Chat team (even us here in Twitter) is a real person.",Tue Nov 07 19:59:11 +0000 2017,FEEDBACK
116,I get normal emails from Spotify but language isn't English.,@131457 Hey! Help's here. Can you DM us all of the accounts' email addresses? We'll take a look backstage /BD https://t.co/ldFdZRiNAt,Sun Nov 19 12:56:42 +0000 2017,BUG_REPORT
117,High Sierra and the latest a version of Spotify,@125787 1: Thanks. Can you go to Spotify &gt; Preferences &gt; Show Advanced Settings &gt; Startup and Window Behavior &gt; Open...,Sun Oct 29 14:44:32 +0000 2017,BUG_REPORT
118,could you please add these 2 songs by Logic (5 AM — Man of the year) thank you,@554701 Hey! We’ll have them available to you as soon as it’s available to us. There's info about Spotify content here: https://t.co/0i8GpimuDa /AN,Thu Oct 19 04:39:23 +0000 2017,FEATURE_REQUEST
119,Is there an issue right now? My desktop player keeps saying no internet detected. Oh btw I'm doing this on the same desktop. 🤨,"@393476 Hey Brandon! What internet browser are you using? Also, does clearing your cache and cookies help at all? Keep us posted /BH",Fri Nov 10 17:24:21 +0000 2017,CONNECTIVITY_SYNC
120,I wanna switch back to but how will I get all my songs over?! 😭,"@299297 Hi there, we're here to lend a hand. Can you let us know what's happening exactly? We'll do our best to help out /AK",Sat Oct 07 02:25:39 +0000 2017,PLAYLIST_LIBRARY
121,No worries just felt stranded without only online support but kudos to you and your email / web chat teams too 👍🏾,@672478 We understand. We’ll let the right team know. Give us a shout if you need us again. We're... https://t.co/zOXI69QSqg /DN,Mon Nov 13 18:04:37 +0000 2017,FEEDBACK
122,Strongly considering going back to . premium has too many glitches. We pay for premium and i haven’t been able to listen to an album straight through in months. I’m over it,@664235 Got it! Could you let us know the device/OS you're using? We'll see what we can suggest /DF,Sat Nov 11 15:04:30 +0000 2017,BUG_REPORT
123,hi. I’ve forgetting which email I set up my account with and can’t remember my password. Can you help please???,"@235213 Hey Ellie! Sure, we can help. Can you DM us your username? We'll see what we can do /KT https://t.co/ldFdZR1cbT",Sat Dec 02 09:05:45 +0000 2017,ACCOUNT_LOGIN
124,Samsung s 7 edge,"@182786 2: feedback on this, and we'll be sure to pass it on to the right folks. Let us know if you have any other questions /LM",Fri Oct 06 17:06:48 +0000 2017,OTHER_UNCLEAR
125,How do I upload mu music on Spotify?,@267074 Hi there! We've some more information right here: https://t.co/BZWfsYGZcW. Hope that helps /PB,Wed Nov 22 10:25:59 +0000 2017,OTHER_UNCLEAR
126,Why don’t you guys send me notifications about new projects from the artist I’m following?!?!,@318255 1: Hey there! We're afraid we no longer sending email notifications for every new release. You can head head to...,Fri Oct 13 05:28:26 +0000 2017,FEATURE_REQUEST
127,BRING THIS BACK I️ MISS I️t,@797225 Hi there! Lyrics is currently unavailable as we're making some big improvements to the feature. We'll share more updates soon /AK,Tue Nov 28 00:30:45 +0000 2017,FEATURE_REQUEST
128,FYI this is the page that appears on your aggregators link,"@324253 Thanks for reporting that. We're afraid it isn't possible to submit your podcast, but we'll pass your comments onto the right team /DV",Mon Oct 09 14:46:51 +0000 2017,BUG_REPORT
129,why did this song disappear?,"@598917 Hey Shane, we do our best! But sometimes agreements are ongoing, or can't be reached with the content provider /JX",Thu Nov 02 19:40:02 +0000 2017,AVAILABILITY_REGION
130,"you probably know this, but it appears my podcast progress and played/unplayed isn't syncing between mobile and desktop clients","@769071 Hi Kiley, the cavalry's here! Does logging out, restarting both devices, and logging back into Spotify help? Keep us posted /JI",Mon Nov 20 20:36:03 +0000 2017,CONNECTIVITY_SYNC
131,Nope,@205593 Can you DM us your account's email address or username? We'll check backstage /AR https://t.co/ldFdZRiNAt,Mon Oct 09 06:36:15 +0000 2017,OTHER_UNCLEAR
132,"Less movie trailer ads, please. The ads are fine but please no movie ones.",@569958 Hey there! Thanks for the feedback. Don't worry. We'll let the right team know 🙂 /JN,Wed Oct 18 13:18:35 +0000 2017,FEEDBACK
133,sooo why might my iPhone randomly start and stop and fast forward Spotify songs while in use -- can apple headphones malfunction that way??,@524724 Hi Tony! Could you let us know the exact model &amp; iOS version of your iPhone? What version of Spotify do you run? We'll try to help out 🙂 /T,Tue Oct 24 22:06:02 +0000 2017,PLAYBACK_ISSUE
134,Hey ! Can't see my stats when I enter to my account! 😧,@768628 Hey Nico! We'll take a closer look at things for you. Are you able to DM us your account's email? We'll check things out /J https://t.co/ldFdZRiNAt,Mon Nov 20 18:46:09 +0000 2017,BUG_REPORT
135,:/ thanks,"@641295 If you have other questions, you can always reach us here. Have a great day 🙂 /SY",Fri Nov 10 15:38:04 +0000 2017,FEEDBACK
136,"Spotify family, all 6 accounts do live at the same address, however 2 of the accounts are at university for term time. are they still eligible for the family account?",@696719 Hi Amie! Can you DM us the email addresses or usernames for your account and the 2 members at university? We'll take a look backstage /XF https://t.co/ldFdZRiNAt,Tue Nov 14 18:19:55 +0000 2017,BILLING_SUBSCRIPTION
137,And you demand people pay before they can even use this shitty Roku app? Y’all need to recollect yourselves cuz imma cancel,@426712 Hi Ty! Sorry to hear that. We have some info about the Spotify app on Roku here: https://t.co/titMn0j3Im /MU,Fri Oct 27 06:10:19 +0000 2017,FEEDBACK
138,Only with wifi so far and no doesn't seem to help.,"@353171 Got it. Can you try logging out of Spotify, restarting your device, and logging back in? Any better? /NY",Mon Nov 27 08:07:18 +0000 2017,CONNECTIVITY_SYNC
139,,"@133061 Whoops that's not quite right. Thanks for flagging this, Nico! We've made the right people aware so they can get this fixed up /J",Wed Nov 29 21:06:54 +0000 2017,OTHER_UNCLEAR
140,I think only valid for new user.,"@271207 Hi Aikuh! That's correct, this offer's for new subscribers only. Be sure check out our other great offers here: https://t.co/Gp5xcUoTsa  Stay tuned for more deals for existing Premium subscribers 🙂 We hope this helps /TX",Wed Nov 22 15:28:22 +0000 2017,BILLING_SUBSCRIPTION
141,"My account is set to USA, but i keep searching and i think is not an issue. This google search shows the track is not in the album it was supposed to be:",@705873 Got it. We can confirm the song was temporarily removed because of licensing changes. Hopefully we'll have it available again soon! /MT,Sat Nov 25 23:34:59 +0000 2017,AVAILABILITY_REGION
142,"Omigosh thank you so much for your concern, but there has been no login confusion thus far. I'm one of those broke millennials you talk crap about in your commercials. Your business model is flawed, but I found a way to work within it.","@381248 We're sorry to hear you feel that way. Don't worry, we'll pass your feedback on to the right folks. If you need help with anything else, just let us know /KB",Mon Nov 27 19:38:55 +0000 2017,OTHER_UNCLEAR
143,my Spotify is down on both my phone and tablet... help!! 😭😭,@807630 Hey Katy! Everything should be running smoothly now. Let us know if this is still happening /GS,Tue Nov 28 21:12:16 +0000 2017,BUG_REPORT
144,"Only certified artist will be able to utilize this app features, correct?",@541368 Hey! Artists and their management can use the features if they've been granted access. There's more info here: https://t.co/UofubzzfZc /Q,Thu Oct 12 23:32:11 +0000 2017,OTHER_UNCLEAR
145,I'm going to stop our family subscription because of the absolute garbage that Discover Weekly has turned into without offering the option of a reset of that list.,"@267852 Hey Corine! Sorry to hear Discover Weekly hasn't been to your liking. It gets re-tuned every Monday. Your Discover Weekly should improve as it gets to know you. Check out &lt;inset Daily Mix, Fresh Finds, Release Radar&gt; in the meantime. Hope this helped /AL",Wed Nov 22 12:23:28 +0000 2017,FEEDBACK
146,"I'm just a single, premium subscriber hoping to make my life and playlists easier to maneuver.","@487840 Right now, playlists can be sorted by name if you're using the mobile app. Can you let us know which device you're using? /YM",Sat Nov 04 23:34:15 +0000 2017,FEATURE_REQUEST
147,can you tell me why and music isnt on spotify yet but thier japan songs are,"@466132 Hey! Fingers crossed we'll be able to have them soon, but there's info about Spotify content here: https://t.co/0i8GpimuDa /RH",Fri Oct 06 04:43:22 +0000 2017,AVAILABILITY_REGION
148,any word on multi room support for ???,"@322648 Hey Gary! We don't have any info on this right now, but we'll let the right team know it's something you'd like to see /DB",Fri Oct 20 13:29:50 +0000 2017,FEATURE_REQUEST
149,what’s the presale code for #dvsn,@425742 Hi there. Pre-sale codes are being sent out by email to some of dvsn's biggest fans on Spotify. Hopefully you're one of them! /TM,Wed Nov 08 15:04:32 +0000 2017,OTHER_UNCLEAR
150,"Wonder how long will it take for the morons at to update their app for the iPhone X, knowing that they were too proud of themselves to make an Apple Watch app. my ass","@122735 Hey, we're here to help! Can you let us know what's happening exactly? We'll see what we can suggest /KM",Wed Nov 01 09:53:03 +0000 2017,FEATURE_REQUEST
151,"Please have it back, I want it back",@446240 Rest assured that we’ll have it available to you as soon as it’s back available to us. Let us know if we could help with anything else /AR,Fri Oct 06 06:36:06 +0000 2017,AVAILABILITY_REGION
152,Thank you.,@667136 https://t.co/rkpsuGlCiy! We're just a tweet away if there's anything else. Have a nice day 😉 /GT,Sun Nov 12 18:59:04 +0000 2017,FEEDBACK
153,Finaly After 10days you discover that I m on bresilian 4g(not belgian) &amp; erased all my downloaded playlist before 4h by bus without wifi &amp; without notifications! What Is your solution ?!,@344980 Sorry to hear that! Check out the steps under “Downloads unexpectedly removed” at https://t.co/38J7tFlIBF. They should help with this /CX,Thu Nov 09 10:14:01 +0000 2017,BUG_REPORT
154,👍🤛,@671766 Let us know if you ever need us again. We'd be... https://t.co/LgAM6ky9Vv 🙂 /NS,Thu Oct 19 23:59:32 +0000 2017,FEEDBACK
155,Can’t avail this promo 🙄,@263425 Hey there! Can you DM us your account's email address or username? We'll take a look backstage /PB https://t.co/ldFdZRiNAt,Sun Dec 03 15:01:26 +0000 2017,BILLING_SUBSCRIPTION
156,spotify on xbox is literally the shittiest app ive ever used. fix your fucking shit.,@795223 Hey there! Could you tell us what's happening exactly? We'll see what we can suggest /DF,Mon Nov 27 20:24:26 +0000 2017,BUG_REPORT
157,"Yeah I'm trying to get the discount. When I press the ""get premium"" button and login then it tells me I'm not eligible for the discount. But I'm a student in Ontario.",@495548 Alright. Can you DM us your account's email address? We'll take a look backstage /LM https://t.co/ldFdZRiNAt,Tue Oct 31 16:45:04 +0000 2017,BILLING_SUBSCRIPTION
158,You really do care - not just a name 👏,@806962 We won't disagree with you! Just give us a shout if anything else comes up. We're... https://t.co/zOXI69QSqg 💚 /GN,Tue Nov 28 23:00:17 +0000 2017,FEEDBACK
159,I was trapping to young dolph and then ho gotti came on and I'm very annoyed give me Spotify premium for free,@671756 Hey Connall! We've just sent a DM your way. Let's carry on chatting there /TC,Mon Nov 13 06:39:40 +0000 2017,FEEDBACK
160,I was charged for no reason. I need to speak to someone please. It would be nice if you had a customer service number. Especially if you take money from someone that did not authorize you to do so.,"@779520 Hi Candace, help's arrived! Although we don't have phone support, we'll gladly help you out on Twitter. Could you DM us a screenshot of the charge appearing on your bank statement and the first 6 and last 4 digits of your card? We'll take a closer look /JQ https://t.co/ldFdZRiNAt",Tue Nov 21 20:24:20 +0000 2017,BILLING_SUBSCRIPTION
161,"I also taxes the CPU every now and then. It doesn't really cause me any problems in any other way, but Spotify becomes really unstable",@370431 Hey! Can you let us know the Spotify version that you're using? We'll see what we can suggest /RC,Mon Oct 23 11:07:25 +0000 2017,APP_CRASH_PERFORMANCE
162,my playlist is followed by two people I made it private but I still have them as followers. How can I delete them? Thanks,@560973 Hey! We're afraid it's not possible at the moment. We can see how that’d be useful. You can vote for it here: https://t.co/Le9jT8ogaK /BP,Sat Oct 21 10:11:12 +0000 2017,PLAYLIST_LIBRARY
163,iPhone 6s. Newest operating system. Newest version of Spotify.,"@145472 Almost there, but we'll need the exact iOS &amp; app version on your device. For now, try restarting by holding Home + Lock for 10 seconds /LP",Sat Oct 14 16:36:59 +0000 2017,BUG_REPORT
164,Why is foxy shazam’s 3rd album not on 🤔,"@708214 Hi there! Just to make sure we're on the same page, could you tell us the title of the album that you're looking for? We'll take a look under the hood /JM",Wed Nov 15 14:14:51 +0000 2017,AVAILABILITY_REGION
165,"unable to change my UK account to US one after relocating, says not available in chosen country! how can I do this?",@599946 Hey Andrew! Could you DM us your account's username or email address? We'll take a look backstage /JO https://t.co/ldFdZRiNAt,Tue Nov 14 21:19:20 +0000 2017,AVAILABILITY_REGION
166,"Dear how do i get my discovery playlist to stop suggesting Dutch music to me, it's been a year",@116391 Hi there! Can you DM us your account's email address or username? We'll take a look backstage /NQ https://t.co/ldFdZRiNAt,Tue Oct 31 21:56:15 +0000 2017,PLAYLIST_LIBRARY
167,the amount of time I have spent on this I could have just signed up for tidal or Apple Music,@771097 Hey there! We're sorry to hear you feel that way. Can you give us more info on this? We'd love to help /NG,Mon Nov 20 20:01:01 +0000 2017,FEEDBACK
168,How the heck do you find your playlists on the app now?! Menu at bottom of screen disappears when I play a song! 😡,"@529032 Hey! Can you send us a screenshot of what you're seeing? Also, which device/OS &amp; Spotify version are you using? We'll take a look /YM",Sat Nov 11 18:30:50 +0000 2017,BUG_REPORT
169,👍,"@267203 Thanks! If you need us again, just... https://t.co/AUc7DGJpgF /DR",Sat Nov 11 13:47:32 +0000 2017,FEEDBACK
170,Yo where's the Classical genre? Can't find it anymore.,"@142709 Hey there, help's here! In the Search bar, just type spotify:genre:classical. Enjoy the music 🎶 /TI",Thu Nov 23 22:15:44 +0000 2017,BUG_REPORT
171,Can please actually play the artist I chose to play and not 5 million other suggested tracks that I have to waste my skips on,@268632 Hey Lyuben! Can you DM us your account's email address or username? We'll see what we can suggest /JE https://t.co/ldFdZRiNAt,Wed Oct 04 17:30:46 +0000 2017,PLAYBACK_ISSUE
172,"Hey , the scrub bar there seems like it’d also be a good place to display the name of the current song.","@555116 Hey! This sounds like a good idea. You could suggest it in our Community, and get support from other fans: https://t.co/WgY7GXI7jf /MU",Thu Oct 19 09:15:29 +0000 2017,FEATURE_REQUEST
173,"Hi Spotify, I have been having issues with my account for some time now. It's become quite a nuisance trying to get it resolved, I have created a twitter account for the sole purpose of contacting you guys to get this fixed.",@508602 Hi there! We've just sent a DM your way. Let's carry on chatting there /MT,Sat Oct 28 19:49:14 +0000 2017,ACCOUNT_LOGIN
174,"Hey , what's up with all the audio ads during songs? Ads now &amp; then are fair game but ads every 20 seconds - not so much.","@414610 Hey! Thanks for your feedback. Don't worry, we'll pass it on to our Ads team /RC",Thu Oct 26 06:58:09 +0000 2017,FEEDBACK
175,Take off the download limit for your PREMIUM users,@197697 Hey! We can see how that’d be useful. We’d recommend suggesting it in our Community at https://t.co/WgY7GXI7jf /JS,Sun Oct 08 00:58:00 +0000 2017,FEATURE_REQUEST
176,"I'm not a developer or anything, but this doesn't seem right...",@416017 Hey! Can you fire over the device's operating system and the Spotify version you're using? We'll see what we can suggest /RC,Thu Oct 26 10:58:25 +0000 2017,OTHER_UNCLEAR
177,get your shit together and optimise your app for iPhone X...,"@736077 Hey Harry! We hear you, and we’re working on it as we speak. Stay tuned /AN",Fri Nov 17 06:44:46 +0000 2017,FEATURE_REQUEST
178,F*** you and your new zone restrictions. I pay you and you want me to explain why I'm not currently in UK ? You're the police ? My parents ? Nope ! Let me be ! #zonerestrictions #Spotify #lifesucks,"@225900 Hey, we're sorry you feel that way. This should be because of differences on licensing laws in various countries. Hope this clears things up /AR",Fri Dec 01 02:36:30 +0000 2017,AVAILABILITY_REGION
179,,"@234679 Thanks. Do you have any other browsers you can try it on? If so, just log in using your account and check if the same ad is stuck on it /QI",Fri Dec 01 19:54:36 +0000 2017,OTHER_UNCLEAR
180,For a company the size of to push out an update without iPhone X support now kind of just seems arrogant.,@657962 Hey John. We understand - we’re working on it as we speak. Stay tuned! /MT,Sat Nov 11 00:54:37 +0000 2017,FEATURE_REQUEST
181,"im just letting know, that your music streaming service is second to none.","@213075 Hey, we won't disagree! Will you join us in playing this really loud? https://t.co/vxtgnM8D1J /NQ",Tue Oct 10 00:04:29 +0000 2017,FEEDBACK
182,You know what would be a cool thing for to allow: the ability to merge playlists.,@700306 Hey there! We can see how this can be useful. You can make this idea happen by adding your vote here: https://t.co/GEp7udRjdU 🙂 /CH,Tue Nov 14 23:08:31 +0000 2017,FEATURE_REQUEST
183,Hey! I accidentally down voted a song on radio which i really liked. Is it possible to reverse that action? Thanks!,"@283722 Hey! If you remember the name of the song just search it and add it if to your Liked from Radio playlist. If not, check your history. You can also vote for this great idea here: https://t.co/yqUShsRSf0 /SD",Thu Nov 23 07:46:24 +0000 2017,PLAYLIST_LIBRARY
184,Hoe kan ik een Spotify abonnement opzeggen als ik niet meer de account gegevens heb?,@286867 Hey Erik! We can help out in English via Twitter. We've just sent a DM your way. Let's carry on chatting there 🙂 /CG,Thu Nov 23 13:10:57 +0000 2017,BILLING_SUBSCRIPTION
185,where's #Reputation ???!!,@647458 Hey! We’ll have it available to you as soon as it’s available to us: https://t.co/0i8GpimuDa /RA,Fri Nov 10 04:52:54 +0000 2017,AVAILABILITY_REGION
186,I have no idea what the email address is...😂. Let me see if I can figure it out.,"@451721 No problem. If you know your username, you can just DM it over to us /KT https://t.co/ldFdZRiNAt",Thu Nov 16 05:34:57 +0000 2017,ACCOUNT_LOGIN
187,"Got an answer, ? I don’t want albums with one track each piling up in my library when I add that one track to a playlist.",@206716 Hey Steven! Could you DM us your account's username or email address? We'll take a look backstage /GU https://t.co/ldFdZRiNAt,Fri Oct 13 14:17:03 +0000 2017,PLAYLIST_LIBRARY
188,You don't have any Slade music at all but here's the karaoke version:,@448915 Got it. Licensing agreements can affect music availability. We have more info here: https://t.co/VMrgnGpB4G /NS,Thu Nov 02 02:08:02 +0000 2017,AVAILABILITY_REGION
189,"help please! This is on my Windows desktop app and this keeps popping up. Have restarted, logged out all devices, changed password. Been going for a couple days now and no help that I can find online.",@694033 Hi Steve! Help's here. Can you DM us your account's username or email address? We'll take a look under the hood /DN https://t.co/ldFdZRiNAt,Tue Nov 14 17:18:40 +0000 2017,BUG_REPORT
190,"Truthfully I don’t see why had to take away The Tweenies Christmas album, one of the best Christmas albums ever like why?!?! Thats been my jam every year for like 15 years 😒😒😒",@777599 Hi there! Sometimes content gets temporarily removed because of licensing changes. Hopefully we'll have it available again soon /AK,Sun Nov 26 22:12:16 +0000 2017,AVAILABILITY_REGION
191,"trying to access web player and receiving ""400 Bad request Your browser sent an invalid request.""","@599622 Hey David! We'd like to know more about this, so can you tell us what browser and OS you're using? We'll see what we can suggest /GU",Mon Nov 06 18:17:56 +0000 2017,BUG_REPORT
192,Hey can you please add no ceilings by lil wayne plssssss,"@383845 Hey there! Fingers crossed we'll be able to have it soon, but there's info about Spotify content here: https://t.co/0i8GpimuDa /AR",Tue Oct 24 04:07:25 +0000 2017,FEATURE_REQUEST
193,please buil a screensaver function into your #PlayStation app to prevent screen burn-in with OLED TVs thx!!,"@708212 Hey Garth! Thanks for sharing your thoughts, we'll let the relevant folks know it's' something you'd like to see /SY",Wed Nov 15 14:20:59 +0000 2017,FEATURE_REQUEST
194,your app keeps freezing up the past few minutes?,@372505 Hey Amy! That's not cool. Does logging out &gt; restarting the device &gt; logging back in help? Keep us posted /RV,Sat Oct 14 22:08:27 +0000 2017,APP_CRASH_PERFORMANCE
195,"So, Spotify Web Player is not working, how am I gonna survive this Monday at work? #crying","@514318 Hey! Don't worry, we're on it. Our developers are looking into this, and we'll keep everyone updated /DF",Mon Nov 06 17:25:45 +0000 2017,BUG_REPORT
196,Yes!,"@579172 2: As for your phone, could you let us know what specific app version it has? Just head to Settings &gt; About /NJ",Sun Oct 29 14:00:32 +0000 2017,OTHER_UNCLEAR
197,RC you've only gone and fixed it for me :),@560558 We're glad to hear everything's working now. Give us a shout if it starts misbehaving again; we're always here to help 🙂 /RC,Wed Oct 18 10:25:31 +0000 2017,FEEDBACK
198,I beg you please stop deleting off-line albums from my iPhone. I’m tired of adding them time and time again,@554613 1: Hey Rodrigo! We're sorry to hear that. Check out the steps under “Downloads unexpectedly removed” at https://t.co/38J7tF47d5.,Thu Oct 19 00:40:27 +0000 2017,BUG_REPORT
199,Windows 10 on desktop,@447741 Thanks. Can you also tell us what version of the Spotify app you have installed? We'll see what we can suggest /JU,Mon Nov 13 22:14:12 +0000 2017,OTHER_UNCLEAR
200,"This seems to have worked, thank you!",@622516 You're welcome! Just give us a shout if you need help with anything else. We're just a tweet away /LM,Wed Nov 08 16:23:55 +0000 2017,FEEDBACK
